Date,MSCI ACWI Index
2018-02-26,528.397366
2018-02-27,523.832068
2018-02-28,518.079101
2018-03-01,511.904329
2018-03-02,511.33813
2018-03-05,514.622593
2018-03-06,517.964612
2018-03-07,517.331148
2018-03-08,519.647102
2018-03-09,525.444648
2018-03-12,527.294885
2018-03-13,525.305842
2018-03-14,522.867071
2018-03-15,522.487402
2018-03-16,522.474298
2018-03-19,516.890254
2018-03-20,517.332414
2018-03-21,516.945574
2018-03-22,508.479714
2018-03-23,499.363251
2018-03-26,506.899748
2018-03-27,504.133761
2018-03-28,501.27241
2018-03-29,505.440105
2018-03-30,505.807643
2018-04-02,499.649264
2018-04-03,501.891043
2018-04-04,503.815537
2018-04-05,508.552071
2018-04-06,502.315405
2018-04-09,504.180558
2018-04-10,511.041254
2018-04-11,509.432027
2018-04-12,511.291895
2018-04-13,510.522793
2018-04-16,512.490853
2018-04-17,516.118837
2018-04-18,518.316048
2018-04-19,517.051847
2018-04-20,512.735932
2018-04-23,511.670383
2018-04-24,508.081802
2018-04-25,506.321229
2018-04-26,509.910705
2018-04-27,511.314098
2018-04-30,509.693782
2018-05-01,509.001351
2018-05-02,506.899413
2018-05-03,505.039155
2018-05-04,508.833926
2018-05-07,510.607926
2018-05-08,510.386636
2018-05-09,513.617705
2018-05-10,517.232891
2018-05-11,519.462081
2018-05-14,520.583627
2018-05-15,516.139984
2018-05-16,517.03746
2018-05-17,517.011873
2018-05-18,515.655703
2018-05-21,517.722066
2018-05-22,517.597931
2018-05-23,515.862083
2018-05-24,514.856155
2018-05-25,513.448163
2018-05-28,512.681674
2018-05-29,506.987234
2018-05-30,509.960837
2018-05-31,508.769038
2018-06-01,512.767256
2018-06-04,516.377417
2018-06-05,515.718966
2018-06-06,519.746647
2018-06-07,519.897807
2018-06-08,519.154445
2018-06-11,520.758438
2018-06-12,521.071473
2018-06-13,519.696924
2018-06-14,519.539786
2018-06-15,517.205228
2018-06-18,514.992654
2018-06-19,510.780298
2018-06-20,512.580568
2018-06-21,509.336986
2018-06-22,511.681981
2018-06-25,504.488869
2018-06-26,504.910602
2018-06-27,501.466252
2018-06-28,501.87857
2018-06-29,505.198233
2018-07-02,503.096237
2018-07-03,503.000575
2018-07-04,502.93705
2018-07-05,505.839475
2018-07-06,509.89907
2018-07-09,514.483143
2018-07-10,515.518888
2018-07-11,510.920329
2018-07-12,514.121844
2018-07-13,515.216891
2018-07-16,514.534717
2018-07-17,515.716015
2018-07-18,516.473081
2018-07-19,514.447498
2018-07-20,515.888536
2018-07-23,515.915344
2018-07-24,518.998615
2018-07-25,521.743721
2018-07-26,521.800827
2018-07-27,520.730276
2018-07-30,518.929185
2018-07-31,519.817935
2018-08-01,518.987951
2018-08-02,517.540351
2018-08-03,519.534243
2018-08-06,519.822546
2018-08-07,522.33806
2018-08-08,522.184722
2018-08-09,521.601687
2018-08-10,515.610436
2018-08-13,511.920371
2018-08-14,513.993405
2018-08-15,508.316611
2018-08-16,511.496617
2018-08-17,513.079713
2018-08-20,515.191571
2018-08-21,517.174955
2018-08-22,518.417576
2018-08-23,516.839828
2018-08-24,519.595982
2018-08-27,524.555066
2018-08-28,525.182335
2018-08-29,526.93965
2018-08-30,524.280335
2018-08-31,522.881007
2018-09-03,521.948341
2018-09-04,519.302136
2018-09-05,516.134634
2018-09-06,514.078054
2018-09-07,512.965724
2018-09-10,513.392222
2018-09-11,514.028047
2018-09-12,515.168843
2018-09-13,518.023184
2018-09-14,519.460741
2018-09-17,517.497083
2018-09-18,520.187283
2018-09-19,521.983279
2018-09-20,526.13585
2018-09-21,527.863193
2018-09-24,525.865608
2018-09-25,526.088275
2018-09-26,525.280112
2018-09-27,525.443291
2018-09-28,524.252671
2018-10-01,525.060586
2018-10-02,523.361175
2018-10-03,523.459546
2018-10-04,518.209294
2018-10-05,514.686169
2018-10-08,512.717647
2018-10-09,511.544501
2018-10-10,500.545491
2018-10-11,489.404591
2018-10-12,494.759187
2018-10-15,492.51506
2018-10-16,500.940074
2018-10-17,500.524338
2018-10-18,494.471997
2018-10-19,494.04656
2018-10-22,492.778542
2018-10-23,487.369018
2018-10-24,477.290732
2018-10-25,480.830845
2018-10-26,475.10646
2018-10-29,473.521019
2018-10-30,478.190715
2018-10-31,484.570966
2018-11-01,489.476064
2018-11-02,489.974177
2018-11-05,490.583368
2018-11-06,492.703727
2018-11-07,500.232101
2018-11-08,499.565794
2018-11-09,494.482057
2018-11-12,486.568915
2018-11-13,486.099922
2018-11-14,483.788501
2018-11-15,486.873978
2018-11-16,488.341714
2018-11-19,483.724478
2018-11-20,475.873448
2018-11-21,477.679696
2018-11-22,477.582977
2018-11-23,475.296528
2018-11-26,480.854124
2018-11-27,481.238542
2018-11-28,488.216221
2018-11-29,489.660852
2018-11-30,490.857326
2018-12-03,497.480715
2018-12-04,486.729921
2018-12-05,484.279555
2018-12-06,479.203946
2018-12-07,473.880218
2018-12-10,470.196016
2018-12-11,470.697066
2018-12-12,476.010933
2018-12-13,476.067063
2018-12-14,468.511534
2018-12-17,462.266414
2018-12-18,460.680184
2018-12-19,457.647423
2018-12-20,450.833531
2018-12-21,444.757194
2018-12-24,437.67961
2018-12-25,435.899549
2018-12-26,447.709871
2018-12-27,450.322554
2018-12-28,452.693179
2018-12-31,455.662175
2019-01-01,455.682389
2019-01-02,454.516142
2019-01-03,448.205668
2019-01-04,459.940072
2019-01-07,463.987313
2019-01-08,467.269176
2019-01-09,471.565691
2019-01-10,473.234171
2019-01-11,473.258416
2019-01-14,470.868814
2019-01-15,474.856254
2019-01-16,475.711496
2019-01-17,477.630556
2019-01-18,483.496358
2019-01-21,483.523873
2019-01-22,478.409728
2019-01-23,478.741766
2019-01-24,479.840213
2019-01-25,484.533142
2019-01-28,481.590764
2019-01-29,481.773472
2019-01-30,486.712006
2019-01-31,491.194144
2019-02-01,491.434109
2019-02-04,493.064756
2019-02-05,496.179696
2019-02-06,495.082822
2019-02-07,490.417729
2019-02-08,488.720497
2019-02-11,488.912262
2019-02-12,494.303919
2019-02-13,495.91755
2019-02-14,494.661096
2019-02-15,498.238814
2019-02-18,499.865954
2019-02-19,500.58055
2019-02-20,502.918444
2019-02-21,501.689985
2019-02-22,504.150046
2019-02-25,505.69007
2019-02-26,505.510361
2019-02-27,505.395256
2019-02-28,503.480569
2019-03-01,505.75202
2019-03-04,504.600913
2019-03-05,504.068499
2019-03-06,502.223328
2019-03-07,497.860496
2019-03-08,494.911793
2019-03-11,500.545184
2019-03-12,502.988608
2019-03-13,505.544719
2019-03-14,505.557148
2019-03-15,508.722658
2019-03-18,511.358741
2019-03-19,511.974682
2019-03-20,510.048513
2019-03-21,513.499712
2019-03-22,505.879553
2019-03-25,503.555804
2019-03-26,507.024625
2019-03-27,504.834583
2019-03-28,505.143864
2019-03-29,508.54849
2019-04-01,514.345121
2019-04-02,514.387023
2019-04-03,517.284178
2019-04-04,517.278561
2019-04-05,519.039179
2019-04-08,519.877363
2019-04-09,518.090645
2019-04-10,519.258245
2019-04-11,518.695496
2019-04-12,521.29433
2019-04-15,521.505809
2019-04-16,522.332504
2019-04-17,522.035985
2019-04-18,521.660941
2019-04-19,521.694074
2019-04-22,521.756506
2019-04-23,524.526478
2019-04-24,523.04144
2019-04-25,521.867221
2019-04-26,523.74322
2019-04-29,524.394465
2019-04-30,524.843809
2019-05-01,523.074287
2019-05-02,521.089034
2019-05-03,524.85047
2019-05-06,521.347516
2019-05-07,514.397011
2019-05-08,513.285658
2019-05-09,509.331949
2019-05-10,511.109418
2019-05-13,501.664703
2019-05-14,504.170394
2019-05-15,506.732304
2019-05-16,509.794864
2019-05-17,506.927165
2019-05-20,504.270939
2019-05-21,507.319035
2019-05-22,506.012773
2019-05-23,500.087949
2019-05-24,501.803316
2019-05-27,502.243553
2019-05-28,499.662982
2019-05-29,495.313083
2019-05-30,496.224888
2019-05-31,492.115297
2019-06-03,492.470063
2019-06-04,499.208383
2019-06-05,503.016306
2019-06-06,504.673363
2019-06-07,509.755909
2019-06-10,512.440998
2019-06-11,513.913564
2019-06-12,512.456457
2019-06-13,512.752552
2019-06-14,511.068974
2019-06-17,510.809419
2019-06-18,515.816255
2019-06-19,518.921021
2019-06-20,524.441273
2019-06-21,523.306499
2019-06-24,523.298596
2019-06-25,519.784708
2019-06-26,518.809841
2019-06-27,520.927522
2019-06-28,523.442032
2019-07-01,526.92655
2019-07-02,528.237857
2019-07-03,531.139562
2019-07-04,531.8182
2019-07-05,529.508174
2019-07-08,526.386009
2019-07-09,525.959454
2019-07-10,527.926692
2019-07-11,529.181644
2019-07-12,530.479753
2019-07-15,531.239978
2019-07-16,530.069342
2019-07-17,527.596437
2019-07-18,527.508467
2019-07-19,527.044078
2019-07-22,527.476942
2019-07-23,530.100029
2019-07-24,531.821851
2019-07-25,529.464943
2019-07-26,530.997589
2019-07-29,530.146255
2019-07-30,528.066244
2019-07-31,524.350295
2019-08-01,520.57194
2019-08-02,514.439838
2019-08-05,501.474667
2019-08-06,503.97358
2019-08-07,505.000759
2019-08-08,512.645311
2019-08-09,510.01301
2019-08-12,505.86932
2019-08-13,509.119439
2019-08-14,498.629315
2019-08-15,497.85094
2019-08-16,503.684857
2019-08-19,509.061264
2019-08-20,506.607961
2019-08-21,510.165583
2019-08-22,508.911593
2019-08-23,500.94479
2019-08-26,502.434174
2019-08-27,502.576945
2019-08-28,504.115803
2019-08-29,508.869437
2019-08-30,510.877078
2019-09-02,510.433234
2019-09-03,507.762595
2019-09-04,513.636101
2019-09-05,519.549806
2019-09-06,520.825769
2019-09-09,520.879715
2019-09-10,520.9474
2019-09-11,524.651513
2019-09-12,526.530044
2019-09-13,527.631522
2019-09-16,525.5629
2019-09-17,526.319836
2019-09-18,526.30856
2019-09-19,526.79317
2019-09-20,525.567276
2019-09-23,524.402158
2019-09-24,521.703932
2019-09-25,521.884417
2019-09-26,521.873658
2019-09-27,519.734611
2019-09-30,520.650885
2019-10-01,515.946052
2019-10-02,507.569495
2019-10-03,509.843369
2019-10-04,514.849838
2019-10-07,514.281955
2019-10-08,508.418969
2019-10-09,511.210704
2019-10-10,514.070349
2019-10-11,521.135318
2019-10-14,520.63253
2019-10-15,525.249042
2019-10-16,525.271478
2019-10-17,526.917361
2019-10-18,525.252994
2019-10-21,528.493344
2019-10-22,527.758639
2019-10-23,528.415954
2019-10-24,530.357963
2019-10-25,531.767075
2019-10-28,534.020513
2019-10-29,534.287524
2019-10-30,535.183126
2019-10-31,534.411202
2019-11-01,538.761406
2019-11-04,541.663156
2019-11-05,541.599164
2019-11-06,541.904975
2019-11-07,543.311672
2019-11-08,543.240826
2019-11-11,542.003763
2019-11-12,542.951812
2019-11-13,541.87703
2019-11-14,541.140678
2019-11-15,545.233035
2019-11-18,546.057383
2019-11-19,546.16685
2019-11-20,543.759041
2019-11-21,542.351498
2019-11-22,543.334449
2019-11-25,547.172296
2019-11-26,547.706718
2019-11-27,549.683008
2019-11-28,549.340556
2019-11-29,546.694995
2019-12-02,543.367721
2019-12-03,540.393607
2019-12-04,542.946323
2019-12-05,544.00008
2019-12-06,548.116179
2019-12-09,547.448107
2019-12-10,546.735763
2019-12-11,548.400953
2019-12-12,552.191668
2019-12-13,555.376277
2019-12-16,559.168627
2019-12-17,559.899655
2019-12-18,559.605396
2019-12-19,560.99857
2019-12-20,563.000295
2019-12-23,563.43207
2019-12-24,563.503556
2019-12-25,563.37727
2019-12-26,565.451349
2019-12-27,566.846389
2019-12-30,564.379979
2019-12-31,565.243908
2020-01-01,565.243786
2020-01-02,569.746656
2020-01-03,566.793195
2020-01-06,566.378343
2020-01-07,566.14959
2020-01-08,566.820468
2020-01-09,570.654586
2020-01-10,570.448699
2020-01-13,573.327429
2020-01-14,573.371205
2020-01-15,573.757001
2020-01-16,576.887412
2020-01-17,579.23806
2020-01-20,579.066292
2020-01-21,576.690471
2020-01-22,577.294002
2020-01-23,575.737998
2020-01-24,573.286256
2020-01-27,564.01909
2020-01-28,567.397072
2020-01-29,567.345407
2020-01-30,565.495649
2020-01-31,558.621185
2020-02-03,560.39698
2020-02-04,568.650819
2020-02-05,573.457173
2020-02-06,576.68453
2020-02-07,573.550619
2020-02-10,575.01539
2020-02-11,577.5065
2020-02-12,581.024599
2020-02-13,579.735359
2020-02-14,580.059628
2020-02-17,580.023307
2020-02-18,577.317223
2020-02-19,579.867836
2020-02-20,577.03106
2020-02-21,572.681312
2020-02-24,555.733004
2020-02-25,542.909079
2020-02-26,539.816324
2020-02-27,521.916925
2020-02-28,512.757315
2020-03-02,528.448618
2020-03-03,522.211574
2020-03-04,536.200513
2020-03-05,525.635327
2020-03-06,514.883135
2020-03-09,478.500571
2020-03-10,491.460409
2020-03-11,473.550181
2020-03-12,428.499639
2020-03-13,451.088303
2020-03-16,409.882372
2020-03-17,424.212651
2020-03-18,402.728641
2020-03-19,403.95171
2020-03-20,397.115197
2020-03-23,384.037631
2020-03-24,416.279268
2020-03-25,427.571589
2020-03-26,447.313068
2020-03-27,436.599581
2020-03-30,445.039631
2020-03-31,442.346476
2020-04-01,425.999295
2020-04-02,431.28469
2020-04-03,425.353165
2020-04-06,448.715689
2020-04-07,453.087112
2020-04-08,462.28072
2020-04-09,469.566892
2020-04-10,469.872588
2020-04-13,466.364677
2020-04-14,477.702792
2020-04-15,467.40213
2020-04-16,468.062957
2020-04-17,480.265326
2020-04-20,475.208242
2020-04-21,460.910143
2020-04-22,469.127555
2020-04-23,470.610987
2020-04-24,472.620405
2020-04-27,480.937707
2020-04-28,481.57966
2020-04-29,492.601362
2020-04-30,489.168665
2020-05-01,478.56198
2020-05-04,475.279
2020-05-05,480.043634
2020-05-06,478.019747
2020-05-07,481.79753
2020-05-08,490.235133
2020-05-11,490.252781
2020-05-12,484.243151
2020-05-13,476.76489
2020-05-14,476.538487
2020-05-15,478.345673
2020-05-18,491.787897
2020-05-19,490.977711
2020-05-20,497.811191
2020-05-21,493.951217
2020-05-22,491.937713
2020-05-25,494.409415
2020-05-26,502.178705
2020-05-27,506.975955
2020-05-28,509.250568
2020-05-29,509.470339
2020-06-01,514.183394
2020-06-02,520.059766
2020-06-03,528.799989
2020-06-04,528.00497
2020-06-05,538.999437
2020-06-08,543.765443
2020-06-09,541.229421
2020-06-10,539.757964
2020-06-11,514.892869
2020-06-12,516.56989
2020-06-15,516.707065
2020-06-16,528.196447
2020-06-17,528.249711
2020-06-18,527.813597
2020-06-19,526.81199
2020-06-22,528.590913
2020-06-23,533.331402
2020-06-24,521.377179
2020-06-25,523.749266
2020-06-26,515.811961
2020-06-29,519.525946
2020-06-30,524.90763
2020-07-01,527.277056
2020-07-02,532.143188
2020-07-03,532.497188
2020-07-06,542.190365
2020-07-07,537.257275
2020-07-08,540.369639
2020-07-09,538.489081
2020-07-10,541.77104
2020-07-13,540.68274
2020-07-14,543.467771
2020-07-15,549.785337
2020-07-16,546.391431
2020-07-17,548.046372
2020-07-20,552.638666
2020-07-21,555.808852
2020-07-22,556.591852
2020-07-23,552.466137
2020-07-24,547.904125
2020-07-27,552.914474
2020-07-28,551.030333
2020-07-29,555.472667
2020-07-30,551.892048
2020-07-31,551.894367
2020-08-03,555.826385
2020-08-04,559.246329
2020-08-05,564.111612
2020-08-06,565.16694
2020-08-07,563.239325
2020-08-10,564.080309
2020-08-11,564.093297
2020-08-12,571.039301
2020-08-13,570.82274
2020-08-14,569.395894
2020-08-17,571.879275
2020-08-18,573.329504
2020-08-19,571.94772
2020-08-20,569.622793
2020-08-21,570.968469
2020-08-24,577.243226
2020-08-25,578.894627
2020-08-26,584.027873
2020-08-27,583.208291
2020-08-28,586.435485
2020-08-31,584.863934
2020-09-01,588.51788
2020-09-02,594.060979
2020-09-03,579.123437
2020-09-04,573.042345
2020-09-07,574.488527
2020-09-08,562.814877
2020-09-09,570.928031
2020-09-10,565.473174
2020-09-11,565.964475
2020-09-14,572.6765
2020-09-15,575.643758
2020-09-16,574.991693
2020-09-17,570.157986
2020-09-18,567.017905
2020-09-21,557.788969
2020-09-22,560.209827
2020-09-23,551.966655
2020-09-24,549.571218
2020-09-25,555.212864
2020-09-28,564.182615
2020-09-29,562.695922
2020-09-30,565.148482
2020-10-01,567.998851
2020-10-02,564.112325
2020-10-05,573.332907
2020-10-06,569.674216
2020-10-07,575.635723
2020-10-08,580.010052
2020-10-09,584.604034
2020-10-12,591.86129
2020-10-13,588.939785
2020-10-14,586.674529
2020-10-15,582.003665
2020-10-16,583.112676
2020-10-19,578.675612
2020-10-20,580.10768
2020-10-21,579.345766
2020-10-22,579.919503
2020-10-23,581.908123
2020-10-26,573.071598
2020-10-27,571.527338
2020-10-28,554.986269
2020-10-29,557.409287
2020-10-30,550.99536
2020-11-02,557.836585
2020-11-03,568.089012
2020-11-04,578.919428
2020-11-05,591.375888
2020-11-06,592.758247
2020-11-09,600.490632
2020-11-10,600.73635
2020-11-11,605.088705
2020-11-12,601.324434
2020-11-13,605.922222
2020-11-16,613.609104
2020-11-17,612.863119
2020-11-18,610.109965
2020-11-19,610.265186
2020-11-20,609.523901
2020-11-23,611.692877
2020-11-24,620.471262
2020-11-25,620.488566
2020-11-26,621.32236
2020-11-27,623.758764
2020-11-30,618.265741
2020-12-01,624.912531
2020-12-02,626.247492
2020-12-03,628.496028
2020-12-04,633.094761
2020-12-07,632.464543
2020-12-08,633.806102
2020-12-09,630.888017
2020-12-10,631.053445
2020-12-11,629.834419
2020-12-14,628.841635
2020-12-15,633.890225
2020-12-16,637.098105
2020-12-17,641.888354
2020-12-18,639.798779
2020-12-21,634.599587
2020-12-22,633.650771
2020-12-23,636.013642
2020-12-24,637.297623
2020-12-25,637.457112
2020-12-28,640.91647
2020-12-29,642.999595
2020-12-30,645.289274
2020-12-31,646.268342
2021-01-01,646.300933
2021-01-04,642.979601
2021-01-05,646.958959
2021-01-06,649.845076
2021-01-07,657.533611
2021-01-08,663.592055
2021-01-11,658.482786
2021-01-12,659.653177
2021-01-13,661.488018
2021-01-14,661.558433
2021-01-15,655.864068
2021-01-18,655.650109
2021-01-19,661.08826
2021-01-20,668.435884
2021-01-21,669.624215
2021-01-22,666.68517
2021-01-25,668.084187
2021-01-26,666.091756
2021-01-27,652.49749
2021-01-28,654.495538
2021-01-29,642.906565
2021-02-01,652.535619
2021-02-02,660.969343
2021-02-03,662.973264
2021-02-04,666.755591
2021-02-05,670.558924
2021-02-08,675.533952
2021-02-09,676.704547
2021-02-10,678.061474
2021-02-11,679.7384
2021-02-12,682.240685
2021-02-15,685.082895
2021-02-16,685.060258
2021-02-17,682.7039
2021-02-18,678.672392
2021-02-19,679.736549
2021-02-22,673.768416
2021-02-23,674.034425
2021-02-24,675.366169
2021-02-25,667.04607
2021-02-26,657.146234
2021-03-01,670.520293
2021-03-02,667.113602
2021-03-03,662.803488
2021-03-04,653.361405
2021-03-05,657.493076
2021-03-08,654.184549
2021-03-09,662.99244
2021-03-10,666.279094
2021-03-11,674.855618
2021-03-12,674.467487
2021-03-15,676.988156
2021-03-16,677.957463
2021-03-17,678.186496
2021-03-18,673.380699
2021-03-19,671.405413
2021-03-22,674.181739
2021-03-23,668.841996
2021-03-24,662.833489
2021-03-25,663.790564
2021-03-26,673.349578
2021-03-29,672.832804
2021-03-30,672.118653
2021-03-31,673.28772
2021-04-01,680.473866
2021-04-02,681.027314
2021-04-05,687.537694
2021-04-06,688.757811
2021-04-07,689.239882
2021-04-08,692.558833
2021-04-09,694.709968
2021-04-12,693.582117
2021-04-13,695.968923
2021-04-14,695.840505
2021-04-15,702.016576
2021-04-16,704.939241
2021-04-19,702.993641
2021-04-20,697.04287
2021-04-21,699.908918
2021-04-22,698.324878
2021-04-23,703.720897
2021-04-26,706.31524
2021-04-27,705.543626
2021-04-28,705.717879
2021-04-29,708.070344
2021-04-30,701.830048
2021-05-03,703.313055
2021-05-04,697.601154
2021-05-05,699.627016
2021-05-06,704.137878
2021-05-07,710.358368
2021-05-10,706.496913
2021-05-11,698.422713
2021-05-12,686.76702
2021-05-13,688.537692
2021-05-14,699.130878
2021-05-17,698.466097
2021-05-18,698.768875
2021-05-19,694.697909
2021-05-20,701.328982
2021-05-21,701.568422
2021-05-24,706.198484
2021-05-25,707.259056
2021-05-26,708.522323
2021-05-27,708.915739
2021-05-28,711.151893
2021-05-31,711.450367
2021-06-01,713.756093
2021-06-02,714.415102
2021-06-03,711.361293
2021-06-04,716.311816
2021-06-07,716.9972
2021-06-08,716.962264
2021-06-09,715.569497
2021-06-10,718.227486
2021-06-11,719.522816
2021-06-14,721.101593
2021-06-15,720.225231
2021-06-16,717.83911
2021-06-17,714.870887
2021-06-18,705.966622
2021-06-21,711.040808
2021-06-22,714.744779
2021-06-23,715.018864
2021-06-24,718.676766
2021-06-25,721.908067
2021-06-28,722.053616
2021-06-29,721.637675
2021-06-30,719.969961
2021-07-01,721.81463
2021-07-02,724.661988
2021-07-05,725.377696
2021-07-06,723.345997
2021-07-07,724.406413
2021-07-08,717.053813
2021-07-09,723.59929
2021-07-12,727.331827
2021-07-13,726.324489
2021-07-14,726.088302
2021-07-15,723.661057
2021-07-16,719.172083
2021-07-19,707.421994
2021-07-20,713.30081
2021-07-21,719.784068
2021-07-22,722.801536
2021-07-23,727.132808
2021-07-26,726.674167
2021-07-27,722.408275
2021-07-28,723.608378
2021-07-29,729.675921
2021-07-30,724.208978
2021-08-02,726.880184
2021-08-03,730.151756
2021-08-04,729.430089
2021-08-05,732.57092
2021-08-06,731.19284
2021-08-09,731.098339
2021-08-10,732.01953
2021-08-11,734.008453
2021-08-12,734.754003
2021-08-13,736.020548
2021-08-16,734.781326
2021-08-17,729.125649
2021-08-18,724.925297
2021-08-19,719.879768
2021-08-20,722.584174
2021-08-23,730.480811
2021-08-24,734.635417
2021-08-25,735.789542
2021-08-26,731.936589
2021-08-27,737.240953
2021-08-30,740.793671
2021-08-31,741.270534
2021-09-01,743.66865
2021-09-02,745.667589
2021-09-03,746.463816
2021-09-06,748.212174
2021-09-07,746.074335
2021-09-08,742.769599
2021-09-09,739.57717
2021-09-10,737.283211
2021-09-13,737.619644
2021-09-14,735.171538
2021-09-15,737.082332
2021-09-16,735.207575
2021-09-17,729.989366
2021-09-20,718.085775
2021-09-21,719.022394
2021-09-22,724.24308
2021-09-23,731.563887
2021-09-24,730.460291
2021-09-27,728.957519
2021-09-28,715.461795
2021-09-29,713.989299
2021-09-30,709.511987
2021-10-01,712.442226
2021-10-04,705.531471
2021-10-05,710.379889
2021-10-06,709.694287
2021-10-07,717.826878
2021-10-08,717.494713
2021-10-11,715.549005
2021-10-12,713.311615
2021-10-13,716.727622
2021-10-14,726.632391
2021-10-15,732.952297
2021-10-18,733.852322
2021-10-19,739.243062
2021-10-20,742.077921
2021-10-21,742.488733
2021-10-22,742.25529
2021-10-25,744.34714
2021-10-26,745.835243
2021-10-27,741.746233
2021-10-28,746.975497
2021-10-29,745.228628
2021-11-01,748.498414
2021-11-02,749.525617
2021-11-03,752.890303
2021-11-04,755.847294
2021-11-05,757.13379
2021-11-08,758.57338
2021-11-09,756.809946
2021-11-10,751.45854
2021-11-11,752.021388
2021-11-12,756.831222
2021-11-15,757.468222
2021-11-16,758.864173
2021-11-17,756.347517
2021-11-18,756.575493
2021-11-19,754.916893
2021-11-22,750.572437
2021-11-23,749.197028
2021-11-24,749.303185
2021-11-25,750.30342
2021-11-26,733.527312
2021-11-29,738.180523
2021-11-30,726.531441
2021-12-01,724.649988
2021-12-02,730.104136
2021-12-03,724.183527
2021-12-06,729.854093
2021-12-07,745.205861
2021-12-08,748.114102
2021-12-09,743.614842
2021-12-10,746.256766
2021-12-13,740.266362
2021-12-14,734.717169
2021-12-15,741.882958
2021-12-16,740.912976
2021-12-17,734.671066
2021-12-20,724.73212
2021-12-21,736.4111
2021-12-22,743.332806
2021-12-23,748.65759
2021-12-24,748.882951
2021-12-27,755.364663
2021-12-28,756.060402
2021-12-29,756.398883
2021-12-30,755.301892
2021-12-31,754.828116
2022-01-03,756.943488
2022-01-04,758.429894
2022-01-05,748.23907
2022-01-06,744.033238
2022-01-07,743.181847
2022-01-10,741.239612
2022-01-11,747.63139
2022-01-12,753.609836
2022-01-13,746.668813
2022-01-14,744.413643
2022-01-17,744.840824
2022-01-18,733.178068
2022-01-19,727.74614
2022-01-20,725.444428
2022-01-21,712.804357
2022-01-24,707.224957
2022-01-25,700.192611
2022-01-26,701.134869
2022-01-27,694.753977
2022-01-28,705.122811
2022-01-31,717.375482
2022-02-01,723.490162
2022-02-02,729.083749
2022-02-03,716.156261
2022-02-04,718.758484
2022-02-07,718.216861
2022-02-08,721.920381
2022-02-09,733.204489
2022-02-10,726.314801
2022-02-11,715.464715
2022-02-14,708.336779
2022-02-15,717.807486
2022-02-16,720.096905
2022-02-17,709.390247
2022-02-18,703.335853
2022-02-21,700.899041
2022-02-22,694.570556
2022-02-23,686.225142
2022-02-24,681.956076
2022-02-25,698.533495
2022-02-28,698.020195
2022-03-01,688.590119
2022-03-02,694.978003
2022-03-03,690.745517
2022-03-04,679.320561
2022-03-07,660.771206
2022-03-08,655.467968
2022-03-09,672.527364
2022-03-10,671.232867
2022-03-11,663.531422
2022-03-14,658.609592
2022-03-15,664.832054
2022-03-16,683.169168
2022-03-17,695.246026
2022-03-18,701.45571
2022-03-21,700.819454
2022-03-22,708.21018
2022-03-23,703.135279
2022-03-24,708.821392
2022-03-25,709.581469
2022-03-28,712.163392
2022-03-29,723.159356
2022-03-30,721.113213
2022-03-31,711.557718
2022-04-01,712.665883
2022-04-04,718.794834
2022-04-05,711.825939
2022-04-06,703.14155
2022-04-07,702.391162
2022-04-08,702.129378
2022-04-11,692.766789
2022-04-12,690.055906
2022-04-13,695.912311
2022-04-14,690.713936
2022-04-15,690.205798
2022-04-18,688.633318
2022-04-19,694.231224
2022-04-20,696.266187
2022-04-21,688.468583
2022-04-22,671.62894
2022-04-25,668.610159
2022-04-26,655.01094
2022-04-27,653.899341
2022-04-28,665.795989
2022-04-29,653.667041
2022-05-02,653.565586
2022-05-03,656.132505
2022-05-04,667.083779
2022-05-05,650.08067
2022-05-06,643.666082
2022-05-09,623.769463
2022-05-10,624.378795
2022-05-11,619.541855
2022-05-12,615.270608
2022-05-13,629.18563
2022-05-16,627.862414
2022-05-17,640.428033
2022-05-18,623.639956
2022-05-19,619.580388
2022-05-20,621.88954
2022-05-23,631.441931
2022-05-24,625.718072
2022-05-25,629.967207
2022-05-26,639.295349
2022-05-27,652.84042
2022-05-30,656.869454
2022-05-31,652.814217
2022-06-01,647.87034
2022-06-02,656.445061
2022-06-03,649.160726
2022-06-06,652.127241
2022-06-07,654.614885
2022-06-08,650.942866
2022-06-09,637.767096
2022-06-10,620.306708
2022-06-13,597.640158
2022-06-14,593.77259
2022-06-15,600.300229
2022-06-16,585.778253
2022-06-17,584.549314
2022-06-20,586.163496
2022-06-21,597.327467
2022-06-22,594.431589
2022-06-23,596.994871
2022-06-24,612.674176
2022-06-27,614.587336
2022-06-28,606.705445
2022-06-29,603.498449
2022-06-30,596.773933
2022-07-01,599.075655
2022-07-04,600.710846
2022-07-05,597.739396
2022-07-06,598.508173
2022-07-07,607.888501
2022-07-08,608.582585
2022-07-11,600.821701
2022-07-12,596.099739
2022-07-13,594.352042
2022-07-14,589.085392
2022-07-15,598.708922
2022-07-18,599.814659
2022-07-19,612.326141
2022-07-20,616.016034
2022-07-21,620.423194
2022-07-22,617.70715
2022-07-25,617.560439
2022-07-26,612.227728
2022-07-27,622.694854
2022-07-28,630.422384
2022-07-29,637.717121
2022-08-01,638.404313
2022-08-02,633.318304
2022-08-03,638.998178
2022-08-04,640.936703
2022-08-05,639.530645
2022-08-08,640.833867
2022-08-09,637.702392
2022-08-10,649.752815
2022-08-11,650.709729
2022-08-12,657.567388
2022-08-15,659.088879
2022-08-16,659.435522
2022-08-17,655.07231
2022-08-18,655.3857
2022-08-19,646.808297
2022-08-22,635.461191
2022-08-23,634.107963
2022-08-24,634.969455
2022-08-25,642.968105
2022-08-26,627.897585
2022-08-29,621.515113
2022-08-30,616.747948
2022-08-31,613.106716
2022-09-01,608.313954
2022-09-02,606.981086
2022-09-05,604.925142
2022-09-06,602.319603
2022-09-07,607.728428
2022-09-08,612.339888
2022-09-09,622.920007
2022-09-12,631.002048
2022-09-13,610.490675
2022-09-14,608.926418
2022-09-15,603.303355
2022-09-16,597.592599
2022-09-19,599.526894
2022-09-20,594.579831
2022-09-21,585.850207
2022-09-22,579.554345
2022-09-23,567.860273
2022-09-26,560.430762
2022-09-27,559.720557
2022-09-28,565.806718
2022-09-29,557.882277
2022-09-30,553.371279
2022-10-03,563.994346
2022-10-04,582.13934
2022-10-05,580.848504
2022-10-06,576.445911
2022-10-07,562.995503
2022-10-10,557.514357
2022-10-11,552.100161
2022-10-12,550.371188
2022-10-13,558.705567
2022-10-14,552.080598
2022-10-17,563.661965
2022-10-18,569.977922
2022-10-19,565.214812
2022-10-20,563.057437
2022-10-21,569.932352
2022-10-24,574.696319
2022-10-25,584.012963
2022-10-26,584.142441
2022-10-27,582.182843
2022-10-28,588.947498
2022-10-31,586.37446
2022-11-01,587.470563
2022-11-02,578.220241
2022-11-03,570.773345
2022-11-04,580.59949
2022-11-07,586.932137
2022-11-08,591.509469
2022-11-09,582.207048
2022-11-10,607.656308
2022-11-11,618.664516
2022-11-14,614.788471
2022-11-15,621.278182
2022-11-16,616.564385
2022-11-17,612.571179
2022-11-18,616.040353
2022-11-21,611.382633
2022-11-22,618.364108
2022-11-23,623.240985
2022-11-24,625.958386
2022-11-25,625.152326
2022-11-28,617.148944
2022-11-29,617.64051
2022-11-30,630.91839
2022-12-01,635.514603
2022-12-02,633.536585
2022-12-05,626.692437
2022-12-06,618.819991
2022-12-07,616.21784
2022-12-08,620.249254
2022-12-09,619.363502
2022-12-12,622.592757
2022-12-13,629.304813
2022-12-14,627.804955
2022-12-15,612.723351
2022-12-16,606.134407
2022-12-19,602.004004
2022-12-20,602.977228
2022-12-21,610.143917
2022-12-22,604.392998
2022-12-23,605.784989
2022-12-26,605.966205
2022-12-27,605.236876
2022-12-28,599.969626
2022-12-29,607.377274
2022-12-30,605.382332
2023-01-02,606.306256
2023-01-03,605.456227
2023-01-04,611.124658
2023-01-05,605.69626
2023-01-06,617.399399
2023-01-09,621.934451
2023-01-10,623.62956
2023-01-11,629.932014
2023-01-12,634.028481
2023-01-13,638.075851
2023-01-16,638.184121
2023-01-17,638.051195
2023-01-18,633.510502
2023-01-19,627.531326
2023-01-20,636.398838
2023-01-23,642.675738
2023-01-24,642.919413
2023-01-25,643.225209
2023-01-26,648.334514
2023-01-27,649.941352
2023-01-30,643.953852
2023-01-31,648.365288
2023-02-01,654.318168
2023-02-02,662.336928
2023-02-03,656.25732
2023-02-06,648.928235
2023-02-07,654.555418
2023-02-08,651.089748
2023-02-09,649.010827
2023-02-10,646.872629
2023-02-13,652.255748
2023-02-14,652.839622
2023-02-15,652.758455
2023-02-16,648.079355
2023-02-17,645.025973
2023-02-20,646.135403
2023-02-21,636.570385
2023-02-22,633.675232
2023-02-23,635.427903
2023-02-24,627.999838
2023-02-27,630.710908
2023-02-28,629.022887
2023-03-01,628.858427
2023-03-02,631.224296
2023-03-03,639.694402
2023-03-06,641.478863
2023-03-07,632.875657
2023-03-08,632.227186
2023-03-09,624.506367
2023-03-10,616.603476
2023-03-13,614.20755
2023-03-14,619.375938
2023-03-15,612.093937
2023-03-16,619.855238
2023-03-17,616.087515
2023-03-20,620.034006
2023-03-21,627.633933
2023-03-22,622.974633
2023-03-23,626.350638
2023-03-24,625.062137
2023-03-27,626.515443
2023-03-28,627.476701
2023-03-29,635.303109
2023-03-30,639.891118
2023-03-31,646.762076
2023-04-03,649.1984
2023-04-04,647.673591
2023-04-05,645.063274
2023-04-06,646.068076
2023-04-07,646.313934
2023-04-10,645.566956
2023-04-11,648.350924
2023-04-12,647.831369
2023-04-13,655.035827
2023-04-14,654.571803
2023-04-17,655.113701
2023-04-18,656.667563
2023-04-19,655.425155
2023-04-20,653.143624
2023-04-21,652.608497
2023-04-24,653.148455
2023-04-25,644.607411
2023-04-26,642.739647
2023-04-27,650.489453
2023-04-28,654.996704
2023-05-01,654.493645
2023-05-02,647.994055
2023-05-03,646.291113
2023-05-04,643.254755
2023-05-05,652.45057
2023-05-08,654.118035
2023-05-09,651.109056
2023-05-10,652.432185
2023-05-11,650.704351
2023-05-12,649.222986
2023-05-15,651.631768
2023-05-16,648.232988
2023-05-17,651.813532
2023-05-18,655.941726
2023-05-19,656.420477
2023-05-22,657.459037
2023-05-23,651.170436
2023-05-24,644.836494
2023-05-25,646.004101
2023-05-26,653.047416
2023-05-29,653.482492
2023-05-30,652.383859
2023-05-31,646.374663
2023-06-01,653.016483
2023-06-02,663.245242
2023-06-05,662.777461
2023-06-06,664.493294
2023-06-07,662.653051
2023-06-08,665.757028
2023-06-09,667.077504
2023-06-12,671.333499
2023-06-13,676.942387
2023-06-14,679.103571
2023-06-15,685.262031
2023-06-16,684.886152
2023-06-19,682.919037
2023-06-20,678.971101
2023-06-21,675.885721
2023-06-22,676.202575
2023-06-23,669.760474
2023-06-26,668.043744
2023-06-27,673.868779
2023-06-28,674.421201
2023-06-29,675.900205
2023-06-30,682.841342
2023-07-03,685.070988
2023-07-04,685.216046
2023-07-05,682.45961
2023-07-06,673.809456
2023-07-07,673.442349
2023-07-10,674.94256
2023-07-11,680.434614
2023-07-12,688.224806
2023-07-13,696.01018
2023-07-14,696.223867
2023-07-17,697.000308
2023-07-18,700.824414
2023-07-19,701.764671
2023-07-20,697.886502
2023-07-21,697.430941
2023-07-24,699.145334
2023-07-25,702.150913
2023-07-26,701.982089
2023-07-27,700.100823
2023-07-28,705.509876
2023-07-31,707.109431
2023-08-01,703.598675
2023-08-02,692.022663
2023-08-03,689.576149
2023-08-04,688.99822
2023-08-07,692.420371
2023-08-08,688.277536
2023-08-09,686.193913
2023-08-10,687.937679
2023-08-11,684.678245
2023-08-14,684.695904
2023-08-15,678.473449
2023-08-16,673.383324
2023-08-17,668.345418
2023-08-18,666.767599
2023-08-21,669.109971
2023-08-22,669.336321
2023-08-23,675.462724
2023-08-24,669.868613
2023-08-25,670.230276
2023-08-28,675.627009
2023-08-29,684.51147
2023-08-30,687.86294
2023-08-31,686.150393
2023-09-01,687.260858
2023-09-04,688.120947
2023-09-05,683.972876
2023-09-06,680.020692
2023-09-07,677.654184
2023-09-08,678.022485
2023-09-11,682.534681
2023-09-12,679.611215
2023-09-13,679.725915
2023-09-14,685.595263
2023-09-15,681.344625
2023-09-18,679.700258
2023-09-19,678.555399
2023-09-20,675.242583
2023-09-21,663.826522
2023-09-22,663.135659
2023-09-25,662.619609
2023-09-26,654.67975
2023-09-27,653.932805
2023-09-28,656.721752
2023-09-29,656.820133
2023-10-02,653.751967
2023-10-03,644.796756
2023-10-04,646.271547
2023-10-05,647.591659
2023-10-06,654.035654
2023-10-09,656.665132
2023-10-10,663.338665
2023-10-11,666.631606
2023-10-12,663.88738
2023-10-13,658.543474
2023-10-16,662.937482
2023-10-17,663.978438
2023-10-18,655.831326
2023-10-19,649.282137
2023-10-20,642.070603
2023-10-23,640.56453
2023-10-24,643.904685
2023-10-25,637.78365
2023-10-26,630.653358
2023-10-27,629.463784
2023-10-30,634.88183
2023-10-31,636.654588
2023-11-01,642.646244
2023-11-02,655.045304
2023-11-03,662.770864
2023-11-06,665.453418
2023-11-07,664.4246
2023-11-08,664.430738
2023-11-09,662.368802
2023-11-10,666.261716
2023-11-13,667.350545
2023-11-14,679.925562
2023-11-15,684.15833
2023-11-16,683.615819
2023-11-17,685.697094
2023-11-20,690.4005
2023-11-21,689.597066
2023-11-22,690.242741
2023-11-23,691.391829
2023-11-24,692.145241
2023-11-27,690.459766
2023-11-28,691.985885
2023-11-29,692.086083
2023-11-30,694.379875
2023-12-01,697.514087
2023-12-04,694.475336
2023-12-05,693.172903
2023-12-06,692.932336
2023-12-07,695.951886
2023-12-08,698.320435
2023-12-11,700.077642
2023-12-12,702.591221
2023-12-13,709.265366
2023-12-14,716.3948
2023-12-15,716.454451
2023-12-18,717.302392
2023-12-19,721.869723
2023-12-20,715.305889
2023-12-21,720.153263
2023-12-22,721.174979
2023-12-25,721.295404
2023-12-26,723.774771
2023-12-27,727.287278
2023-12-28,728.753281
2023-12-29,726.995723
2024-01-01,727.079907
2024-01-02,721.568279
2024-01-03,714.475352
2024-01-04,714.239278
2024-01-05,715.39577
2024-01-08,721.78782
2024-01-09,720.142462
2024-01-10,722.825161
2024-01-11,722.399212
2024-01-12,724.769978
2024-01-15,724.034556
2024-01-16,718.962007
2024-01-17,712.113769
2024-01-18,717.007692
2024-01-19,724.324162
2024-01-22,726.639644
2024-01-23,727.444419
2024-01-24,730.963622
2024-01-25,733.209647
2024-01-26,733.773075
2024-01-29,738.276437
2024-01-30,737.650986
2024-01-31,730.838256
2024-02-01,735.719632
2024-02-02,740.453183
2024-02-05,737.191992
2024-02-06,740.680353
2024-02-07,745.10028
2024-02-08,744.946875
2024-02-09,747.934079
2024-02-12,747.888732
2024-02-13,739.577581
2024-02-14,744.947854
2024-02-15,750.550808
2024-02-16,750.237898
2024-02-19,750.606382
2024-02-20,748.229459
2024-02-21,747.91096
2024-02-22,760.408497
2024-02-23,761.182707
2024-02-26,759.174092
